{"cameraMode":{"drawMode":0,"name":"Shaded","section":"Shading Mode"},"sceneLighting":false,"audioPlay":false,"sceneViewState":{"m_AlwaysRefresh":false,"showFog":true,"showSkybox":false,"showFlares":true,"showImageEffects":true,"showParticleSystems":true,"showVisualEffectGraphs":true,"m_FxEnabled":true},"in2DMode":false,"pivot":{"x":11.936866760253907,"y":0.48286914825439455,"z":19.150693893432618},"rotation":{"x":-0.0957041084766388,"y":-0.5937829613685608,"z":0.07144464552402497,"w":-0.7957889437675476},"size":63.78092575073242,"orthographic":false}